address,zip_code,price,sell_date,sell_type,price_per_sq_m,no_rooms,housing_type,size_in_sq_m,year_of_construction,price_change_in_pct
Holdgårdsvej 137260 Sønder Omme,Omme,675.000,04-05-2017,Alm. Salg,7.584,3,Villa,89,1958,0 %,Aktuel værdi
Gammel Bøvlvej 217260 Sønder Omme,Omme,478.000,28-04-2017,Fam. Salg,3.144,4,Villa,152,1957,,Aktuel værdi
Vejlevej 237260 Sønder Omme,Omme,400.000,21-04-2017,Alm. Salg,2.500,7,Villa,160,1939,-10 %,Aktuel værdi
Stakrogevej 517260 Sønder Omme,Omme,960.000,17-04-2017,Fam. Salg,6.000,4,Stuehus,160,1910,,
Herningvej 10A7260 Sønder Omme,Omme,230.000,03-04-2017,Alm. Salg,2.035,3,Rækkehus,113,1919,-16 %,Aktuel værdi
Birkebæk Alle 47260 Sønder Omme,Omme,825.000,03-03-2017,Alm. Salg,3.891,7,Villa,212,1970,-8 %,Aktuel værdi
Enghaven 277260 Sønder Omme,Omme,850.000,06-02-2017,Alm. Salg,3.386,8,Villa,251,1947,-15 %,Aktuel værdi
Holdgårdsvej 467260 Sønder Omme,Omme,760.000,30-01-2017,Alm. Salg,5.135,3,Villa,148,1952,-8 %,Aktuel værdi
Vejlevej 26A7260 Sønder Omme,Omme,1.035.000,25-01-2017,Alm. Salg,8.483,3,Villa,122,1987,-10 %,Aktuel værdi
Grønvang 147260 Sønder Omme,Omme,975.000,20-01-2017,Alm. Salg,11.079,4,Villa,88,1950,0 %,Aktuel værdi
Møbjergvej 897260 Sønder Omme,Omme,795.000,09-12-2016,Alm. Salg,5.520,7,Villa,144,1870,0 %,Aktuel værdi
Skovvang 87260 Sønder Omme,Omme,400.000,28-11-2016,Alm. Salg,2.702,5,Villa,148,1978,-38 %,Aktuel værdi
Grønvang 137260 Sønder Omme,Omme,550.000,19-11-2016,Alm. Salg,4.330,3,Villa,127,1973,-8 %,Aktuel værdi
Tarm Landevej 157260 Sønder Omme,Omme,750.000,04-11-2016,Alm. Salg,5.395,5,Villa,139,1966,-6 %,Aktuel værdi
Holdgårdsvej 107260 Sønder Omme,Omme,750.000,26-10-2016,Alm. Salg,6.355,3,Villa,118,1971,-6 %,Aktuel værdi
Tolvalenvej 327260 Sønder Omme,Omme,1.350.000,21-10-2016,Alm. Salg,7.627,4,Villa,177,1979,-10 %,Aktuel værdi
Grindstedvej 257260 Sønder Omme,Omme,730.000,21-10-2016,Alm. Salg,4.932,6,Villa,148,1938,-8 %,Aktuel værdi
Holdgårdsvej 187260 Sønder Omme,Omme,640.000,15-10-2016,Alm. Salg,8.888,3,Villa,72,1958,-15 %,Aktuel værdi
Vejlevej 207260 Sønder Omme,Omme,1.025.000,10-10-2016,Alm. Salg,4.495,7,Villa,228,1900,-4 %,Aktuel værdi
Vilhelmsmindevej 387260 Sønder Omme,Omme,1.550.000,06-10-2016,Alm. Salg,9.064,5,Villa,171,1916,-3 %,Aktuel værdi
Solbakken 527260 Sønder Omme,Omme,970.000,29-09-2016,Alm. Salg,7.637,4,Villa,127,1977,-3 %,Aktuel værdi
Enghaven 287260 Sønder Omme,Omme,500.000,15-09-2016,Alm. Salg,3.759,5,Villa,133,1969,-28 %,Aktuel værdi
Kirkebyvej 1447260 Sønder Omme,Omme,410.000,13-09-2016,Alm. Salg,2.369,5,Villa,173,2001,,Aktuel værdi
Bøvlvej 1917260 Sønder Omme,Omme,1.230.000,30-08-2016,Alm. Salg,10.165,4,Villa,121,1965,-2 %,Aktuel værdi
Gammel Bøvlvej 267260 Sønder Omme,Omme,929.000,29-08-2016,Alm. Salg,10.438,3,Villa,89,1960,,Aktuel værdi
Hovedgaden 67260 Sønder Omme,Omme,600.000,11-07-2016,Alm. Salg,5.825,4,Villa,103,1894,-11 %,Aktuel værdi
Bøvlvej 1767260 Sønder Omme,Omme,735.000,06-07-2016,Alm. Salg,4.966,6,Villa,148,1978,6 %,Aktuel værdi
Grindstedvej 407260 Sønder Omme,Omme,150.000,08-06-2016,Alm. Salg,1.630,3,Villa,92,1946,,Aktuel værdi
Skovbrynet 57260 Sønder Omme,Omme,900.000,03-06-2016,Alm. Salg,6.040,6,Villa,149,1975,,Aktuel værdi
Bøvlvej 1597260 Sønder Omme,Omme,2.000.000,18-05-2016,Alm. Salg,15.384,5,Stuehus,130,1932,,
Bøvlvej 2387260 Sønder Omme,Omme,130.000,13-05-2016,Alm. Salg,-,-,Landbrugsgrund,-,-,,
Bøvlvej 2387260 Sønder Omme,Omme,130.000,13-05-2016,Alm. Salg,-,-,Landbrugsgrund,-,-,,
Stakrogevej 227260 Sønder Omme,Omme,100.000,01-05-2016,Alm. Salg,2.222,4,Villa,45,1966,,Aktuel værdi
Hasselvej 27260 Sønder Omme,Omme,700.000,29-04-2016,Alm. Salg,7.291,3,Villa,96,1967,,Aktuel værdi
Lærke Alle 27260 Sønder Omme,Omme,600.000,25-04-2016,Andet,4.580,5,Villa,131,1959,,Aktuel værdi
Farvergade 87260 Sønder Omme,Omme,287.500,21-04-2016,Fam. Salg,2.457,3,Villa,117,1941,-32 %,Aktuel værdi
Gammel Bøvlvej 177260 Sønder Omme,Omme,795.000,15-04-2016,Alm. Salg,8.112,4,Villa,98,1990,0 %,Aktuel værdi
Tolvalenvej 137260 Sønder Omme,Omme,350.000,07-04-2016,Auktion,3.500,4,Villa,100,1965,,Aktuel værdi
Grønvang 157260 Sønder Omme,Omme,555.000,24-03-2016,Fam. Salg,4.440,4,Villa,125,1974,,Aktuel værdi
Grønvang 227260 Sønder Omme,Omme,450.000,10-03-2016,Alm. Salg,3.000,6,Villa,150,1960,-17 %,Aktuel værdi
Gammel Bøvlvej 277260 Sønder Omme,Omme,475.000,10-03-2016,Alm. Salg,3.925,4,Villa,121,1954,-13 %,Aktuel værdi
Engebækgårdvej 17260 Sønder Omme,Omme,1.025.000,13-02-2016,Alm. Salg,5.125,6,Stuehus,200,1914,-10 %,
Hovedgaden 357260 Sønder Omme,Omme,630.000,04-02-2016,Alm. Salg,8.513,8,Servicevirksomhed,74,1910,,Aktuel værdi
Vejlevej 26B7260 Sønder Omme,Omme,705.000,28-01-2016,Alm. Salg,6.184,3,Villa,114,1972,-8 %,Aktuel værdi
Skærsigvej 87260 Sønder Omme,Omme,2.790.000,24-01-2016,Alm. Salg,21.136,5,Stuehus,132,1948,-2 %,
Vilhelmsmindevej 477260 Sønder Omme,Omme,1.825.000,21-01-2016,Alm. Salg,7.242,6,Villa,252,1900,-4 %,Aktuel værdi
Vandværksvej 97260 Sønder Omme,Omme,462.500,10-01-2016,Fam. Salg,3.557,4,Villa,130,1968,,Aktuel værdi
Simmelbrovej 337260 Sønder Omme,Omme,150.000,17-12-2015,Auktion,828,8,Villa,181,1840,,Aktuel værdi
Tolvalenvej 367260 Sønder Omme,Omme,200.000,23-11-2015,Alm. Salg,1.063,5,Villa,188,1972,,Aktuel værdi
Højvangsvej 227260 Sønder Omme,Omme,1.130.000,22-10-2015,Auktion,4.431,6,Villa,255,2002,,Aktuel værdi
Holdgårdsvej 167260 Sønder Omme,Omme,1.400.000,21-10-2015,Alm. Salg,7.035,7,Villa,199,1974,-6 %,Aktuel værdi
Vesterled 187260 Sønder Omme,Omme,762.000,14-10-2015,Alm. Salg,5.562,4,Villa,137,1962,-10 %,Aktuel værdi
Nørager 77260 Sønder Omme,Omme,610.000,13-10-2015,Alm. Salg,5.169,4,Villa,118,1979,,Aktuel værdi
Holdgårdsvej 177260 Sønder Omme,Omme,645.000,10-10-2015,Alm. Salg,6.201,3,Villa,104,1956,-7 %,Aktuel værdi
Grønvang 257260 Sønder Omme,Omme,1.500.000,07-10-2015,Alm. Salg,6.172,8,Villa,243,1972,-6 %,Aktuel værdi
Møbjergvej 1077260 Sønder Omme,Omme,16.500.000,26-08-2015,Alm. Salg,85.492,6,Stuehus,193,1930,,
Vejlevej 677260 Sønder Omme,Omme,600.000,20-08-2015,Alm. Salg,4.379,5,Villa,137,1955,10 %,Aktuel værdi
Vejlevej 697260 Sønder Omme,Omme,20.000,20-08-2015,Alm. Salg,312,2,Villa,64,1915,-93 %,Aktuel værdi
Skovvang 157260 Sønder Omme,Omme,460.000,19-08-2015,Alm. Salg,4.423,4,Villa,104,1963,-16 %,Aktuel værdi
Nørager 977260 Sønder Omme,Omme,400.000,17-07-2015,Alm. Salg,6.250,2,Rækkehus,64,1981,-11 %,Aktuel værdi
Gammel Bøvlvej 527260 Sønder Omme,Omme,850.000,28-06-2015,Alm. Salg,4.829,5,Villa,176,1972,,Aktuel værdi
Grindstedvej 237260 Sønder Omme,Omme,537.500,25-06-2015,Alm. Salg,5.321,3,Villa,101,1987,-7 %,Aktuel værdi
Tolvalenvej 47260 Sønder Omme,Omme,3.880.000,22-06-2015,Alm. Salg,15.901,8,Stuehus,244,1998,,
Vejlevej 217260 Sønder Omme,Omme,375.000,11-06-2015,Fam. Salg,3.318,5,Villa,113,1920,,Aktuel værdi
Hasselvej 87260 Sønder Omme,Omme,670.000,05-06-2015,Alm. Salg,5.403,4,Villa,124,1969,-4 %,Aktuel værdi
Grindstedvej 307260 Sønder Omme,Omme,440.000,23-05-2015,Alm. Salg,4.313,4,Villa,102,1965,-11 %,Aktuel værdi
Bøvlvej 977260 Sønder Omme,Omme,482.700,20-05-2015,Alm. Salg,2.036,7,Stuehus,237,1900,,
Grindstedvej 447260 Sønder Omme,Omme,100.000,11-05-2015,Andet,454,6,Villa,220,1948,,Aktuel værdi
Bøvlvej 1327260 Sønder Omme,Omme,742.000,07-05-2015,Fam. Salg,7.000,3,Stuehus,106,1870,,
Bøvlvej 557260 Sønder Omme,Omme,400.000,05-05-2015,Alm. Salg,-,-,Erhvervsejendom,-,-,,
Grindstedvej 687260 Sønder Omme,Omme,605.000,21-04-2015,Fam. Salg,6.237,3,Villa,97,1940,,Aktuel værdi
Holdgårdsvej 247260 Sønder Omme,Omme,1.445.000,18-04-2015,Alm. Salg,9.262,5,Villa,156,1934,0 %,Aktuel værdi
Farvergade 257260 Sønder Omme,Omme,733.000,18-04-2015,Alm. Salg,6.008,4,Villa,122,1930,,Aktuel værdi
Enghaven 397260 Sønder Omme,Omme,880.000,18-04-2015,Alm. Salg,5.465,4,Villa,161,1976,-12 %,Aktuel værdi
Birkebæk Alle 97260 Sønder Omme,Omme,500.000,11-04-2015,Alm. Salg,4.424,4,Villa,113,1966,-16 %,Aktuel værdi
Skærsigvej 127260 Sønder Omme,Omme,590.000,06-04-2015,Alm. Salg,2.645,8,Stuehus,223,1887,-74 %,
Gammel Bøvlvej 347260 Sønder Omme,Omme,1.150.000,29-03-2015,Alm. Salg,8.984,5,Villa,128,1965,-11 %,Aktuel værdi
Lyngvang 217260 Sønder Omme,Omme,1.290.000,12-03-2015,Alm. Salg,7.818,8,Villa,165,1973,-13 %,Aktuel værdi
Egeparken 187260 Sønder Omme,Omme,1.275.000,05-03-2015,Auktion,6.781,7,Villa,188,1997,,Aktuel værdi
Tolvalenvej 257260 Sønder Omme,Omme,1.550.000,25-02-2015,Alm. Salg,6.326,5,Stuehus,245,1924,4 %,
Gammel Bøvlvej 147260 Sønder Omme,Omme,300.000,23-02-2015,Alm. Salg,2.083,4,Villa,144,1929,,Aktuel værdi
Hasselvej 167260 Sønder Omme,Omme,660.000,13-02-2015,Alm. Salg,6.000,4,Villa,110,1970,-1 %,Aktuel værdi
Egeparken 247260 Sønder Omme,Omme,1.475.000,06-02-2015,Alm. Salg,8.240,6,Villa,179,1998,-8 %,Aktuel værdi
Birkebæk Alle 77260 Sønder Omme,Omme,275.000,15-01-2015,Alm. Salg,3.571,4,Villa,77,1969,-13 %,Aktuel værdi
Engebækgårdvej 37260 Sønder Omme,Omme,575.000,06-01-2015,Alm. Salg,4.291,5,Villa,134,1911,,Aktuel værdi
Nørager 837260 Sønder Omme,Omme,532.000,04-01-2015,Fam. Salg,6.909,2,Rækkehus,77,1980,,Aktuel værdi
Stakrogevej 117260 Sønder Omme,Omme,840.000,31-12-2014,Fam. Salg,4.941,6,Villa,170,1943,,Aktuel værdi
Gammel Bøvlvej 157260 Sønder Omme,Omme,750.000,19-12-2014,Alm. Salg,5.555,6,Villa,135,1966,-11 %,Aktuel værdi
Nørager 757260 Sønder Omme,Omme,640.000,03-12-2014,Alm. Salg,7.272,3,Rækkehus,88,1982,,Aktuel værdi
Grindstedvej 357260 Sønder Omme,Omme,535.000,18-11-2014,Alm. Salg,7.133,2,Villa,75,1936,-10 %,Aktuel værdi
Grindstedvej 327260 Sønder Omme,Omme,770.000,29-10-2014,Alm. Salg,7.000,2,Villa,110,1955,-3 %,Aktuel værdi
"Hovedgaden 1, 17260 Sønder Omme",Omme,3.300.000,29-09-2014,Alm. Salg,29.729,5,Lejlighed,111,1877,,Aktuel værdi
Grønvang 107260 Sønder Omme,Omme,1.150.000,26-09-2014,Alm. Salg,7.142,5,Villa,161,1956,-11 %,Aktuel værdi
Grønvang 217260 Sønder Omme,Omme,700.000,16-09-2014,Alm. Salg,5.600,4,Villa,125,1972,-5 %,Aktuel værdi
Solbakken 37260 Sønder Omme,Omme,71.000,15-09-2014,Alm. Salg,797,3,Villa,89,1800,,Aktuel værdi
Hovedgaden 597260 Sønder Omme,Omme,1.750.000,12-09-2014,Alm. Salg,9.668,10,Stuehus,181,1939,-30 %,
Kirkebyvej 747260 Sønder Omme,Omme,835.000,28-08-2014,Fam. Salg,6.374,6,Stuehus,131,1917,,
Engebækgårdvej 407260 Sønder Omme,Omme,1.260.000,30-06-2014,Alm. Salg,7.200,5,Stuehus,175,1928,,
Nørager 307260 Sønder Omme,Omme,596.599,06-05-2014,Alm. Salg,6.937,2,Rækkehus,86,1980,,Aktuel værdi
Vejlevej 717260 Sønder Omme,Omme,260.000,05-05-2014,Fam. Salg,4.333,3,Villa,60,1951,,Aktuel værdi
Hasselvej 67260 Sønder Omme,Omme,440.000,08-04-2014,Alm. Salg,3.666,6,Villa,120,1968,-26 %,Aktuel værdi
Baggesgårdvej 367260 Sønder Omme,Omme,3.100.000,01-04-2014,Alm. Salg,26.956,2,Stuehus,115,1877,-17 %,
Farvergade 37260 Sønder Omme,Omme,290.000,16-03-2014,Alm. Salg,4.027,3,Villa,72,1954,-16 %,Aktuel værdi
Holdgårdsvej 87260 Sønder Omme,Omme,1.025.000,24-02-2014,Alm. Salg,7.020,5,Villa,146,1972,-6 %,Aktuel værdi
Grindstedvej 767260 Sønder Omme,Omme,325.000,15-02-2014,Alm. Salg,3.125,3,Villa,104,1964,,Aktuel værdi
Lyngvang 57260 Sønder Omme,Omme,1.108.382,12-02-2014,Fam. Salg,7.697,5,Villa,144,1973,-14 %,Aktuel værdi
Birkebæk Alle 137260 Sønder Omme,Omme,635.000,28-01-2014,Alm. Salg,3.848,4,Villa,165,1963,-9 %,Aktuel værdi
Grindstedvej 117260 Sønder Omme,Omme,155.000,27-12-2013,Alm. Salg,1.550,3,Villa,100,1936,-11 %,Aktuel værdi
Engebækgårdvej 87260 Sønder Omme,Omme,495.000,28-11-2013,Alm. Salg,3.778,5,Villa,131,1939,0 %,Aktuel værdi
Møbjergvej 97260 Sønder Omme,Omme,2.650.000,12-11-2013,Alm. Salg,9.601,9,Stuehus,276,2003,,
Vejlevej 37260 Sønder Omme,Omme,150.000,04-11-2013,Alm. Salg,1.006,3,Villa,149,1902,-49 %,Aktuel værdi
Parallelvej 87260 Sønder Omme,Omme,900.000,21-10-2013,Fam. Salg,6.766,4,Villa,133,1971,,Aktuel værdi
Egevej 87260 Sønder Omme,Omme,500.000,07-10-2013,Alm. Salg,4.716,3,Villa,106,1966,-13 %,Aktuel værdi
Engebækgårdvej 557260 Sønder Omme,Omme,300.000,09-09-2013,Alm. Salg,1.657,5,Villa,181,1960,,Aktuel værdi
Enghaven 157260 Sønder Omme,Omme,340.000,05-09-2013,Alm. Salg,2.720,6,Villa,125,1938,-24 %,Aktuel værdi
Møbjergvej 337260 Sønder Omme,Omme,975.000,09-07-2013,Alm. Salg,7.065,5,Villa,138,1902,,Aktuel værdi
Smedegade 117260 Sønder Omme,Omme,600.000,24-06-2013,Alm. Salg,5.263,4,Villa,114,1973,-14 %,Aktuel værdi
Nørager 127260 Sønder Omme,Omme,575.000,12-06-2013,Alm. Salg,3.782,6,Villa,152,1981,,Aktuel værdi
Rahbæksvej 127260 Sønder Omme,Omme,900.000,08-05-2013,Fam. Salg,5.882,4,Villa,153,1977,,Aktuel værdi
Hovedgaden 657260 Sønder Omme,Omme,1.600.000,08-05-2013,Fam. Salg,7.881,8,Villa,203,1979,,Aktuel værdi
Grindstedvej 607260 Sønder Omme,Omme,665.000,06-05-2013,Alm. Salg,6.394,3,Villa,104,1968,-1 %,Aktuel værdi
Solbakken 287260 Sønder Omme,Omme,480.000,02-05-2013,Auktion,3.966,4,Villa,121,1976,,Aktuel værdi
Grindstedvej 487260 Sønder Omme,Omme,695.000,27-04-2013,Alm. Salg,5.186,6,Villa,134,1939,0 %,Aktuel værdi
Baggesgårdvej 257260 Sønder Omme,Omme,855.000,24-04-2013,Alm. Salg,8.300,4,Villa,103,1976,,Aktuel værdi
Rahbæksvej 67260 Sønder Omme,Omme,1.150.000,27-02-2013,Alm. Salg,7.467,5,Villa,154,1974,,Aktuel værdi
Bøvlvej 1207260 Sønder Omme,Omme,1.350.000,04-02-2013,Alm. Salg,8.231,4,Villa,164,1939,-55 %,Aktuel værdi
Grindstedvej 217260 Sønder Omme,Omme,250.000,11-01-2013,Alm. Salg,3.472,3,Villa,72,1934,-28 %,Aktuel værdi
Egeparken 97260 Sønder Omme,Omme,1.645.000,26-11-2012,Alm. Salg,12.557,2,Villa,131,2006,0 %,Aktuel værdi
Grindstedvej 107260 Sønder Omme,Omme,595.000,01-11-2012,Auktion,4.722,3,Villa,126,1946,-34 %,Aktuel værdi
Åvej 197260 Sønder Omme,Omme,340.000,26-10-2012,Alm. Salg,4.146,2,Villa,82,1917,0 %,Aktuel værdi
Nørager 877260 Sønder Omme,Omme,400.000,22-10-2012,Alm. Salg,5.194,2,Rækkehus,77,1982,-11 %,Aktuel værdi
Simmelvej 87260 Sønder Omme,Omme,2.535.000,16-10-2012,Alm. Salg,13.342,6,Stuehus,190,1955,,
Grønvang 177260 Sønder Omme,Omme,796.000,25-09-2012,Alm. Salg,6.218,4,Villa,128,1972,,Aktuel værdi
Gammel Bøvlvej 487260 Sønder Omme,Omme,777.500,25-07-2012,Alm. Salg,5.980,5,Villa,130,1952,-2 %,Aktuel værdi
Egevej 57260 Sønder Omme,Omme,785.000,25-07-2012,Alm. Salg,6.280,4,Villa,125,1967,-5 %,Aktuel værdi
Tarm Landevej 167260 Sønder Omme,Omme,899.927,18-07-2012,Alm. Salg,3.813,8,Villa,236,1935,,Aktuel værdi
Nørager 97260 Sønder Omme,Omme,865.000,02-07-2012,Alm. Salg,7.330,4,Villa,118,1978,-3 %,Aktuel værdi
Herningvej 857260 Sønder Omme,Omme,1.000.000,30-06-2012,Alm. Salg,6.493,6,Stuehus,154,1903,,
Herningvej 887260 Sønder Omme,Omme,460.000,27-06-2012,Alm. Salg,3.739,4,Stuehus,123,1912,-16 %,
Birkevej 107260 Sønder Omme,Omme,30.000,05-06-2012,Alm. Salg,192,4,Villa,156,1973,,Aktuel værdi
Hovedgaden 547260 Sønder Omme,Omme,775.000,18-03-2012,Alm. Salg,5.656,5,Villa,137,1957,-8 %,Aktuel værdi
Egeparken 127260 Sønder Omme,Omme,1.425.000,28-02-2012,Alm. Salg,9.253,5,Villa,154,1998,-10 %,Aktuel værdi
Gammel Bøvlvej 327260 Sønder Omme,Omme,600.000,06-02-2012,Alm. Salg,2.702,5,Villa,222,1970,-33 %,Aktuel værdi
Stakrogevej 437260 Sønder Omme,Omme,1.400.000,04-01-2012,Alm. Salg,5.882,5,Stuehus,238,1912,,
Møbjergvej 117260 Sønder Omme,Omme,925.000,24-11-2011,Alm. Salg,-,6,Villa,168,1963,,Aktuel værdi
Møbjergvej 377260 Sønder Omme,Omme,3.150.000,21-11-2011,Alm. Salg,15.909,6,Stuehus,198,1939,-3 %,
Rahbæksparken 4567260 Sønder Omme,Omme,1.250.000,21-11-2011,Alm. Salg,13.157,3,Rækkehus,95,2010,-3 %,Aktuel værdi
Grønvang 117260 Sønder Omme,Omme,580.000,20-10-2011,Alm. Salg,5.000,4,Villa,116,1969,0 %,Aktuel værdi
Holdgårdsvej 357260 Sønder Omme,Omme,400.000,14-10-2011,Alm. Salg,3.125,3,Villa,128,1938,-19 %,Aktuel værdi
Herningvej 67260 Sønder Omme,Omme,615.000,12-10-2011,Alm. Salg,5.347,4,Villa,115,1928,-23 %,Aktuel værdi
Nørager 107260 Sønder Omme,Omme,1.800.000,16-09-2011,Alm. Salg,9.230,7,Villa,195,1994,-9 %,Aktuel værdi
Grønvang 77260 Sønder Omme,Omme,665.000,25-08-2011,Alm. Salg,5.155,3,Villa,129,1969,-4 %,Aktuel værdi
Vejlevej 227260 Sønder Omme,Omme,325.000,27-07-2011,Alm. Salg,3.915,3,Villa,83,1937,-13 %,Aktuel værdi
Skovvej 487260 Sønder Omme,Omme,1.750.000,20-06-2011,Alm. Salg,15.765,4,Stuehus,111,1872,,
Skovvej 117260 Sønder Omme,Omme,712.000,10-06-2011,Alm. Salg,5.435,4,Villa,131,1968,-3 %,Aktuel værdi
Vesterled 147260 Sønder Omme,Omme,695.000,06-05-2011,Alm. Salg,6.435,4,Villa,108,1963,-7 %,Aktuel værdi
Vesterled 157260 Sønder Omme,Omme,635.000,04-05-2011,Alm. Salg,5.879,4,Villa,108,1967,0 %,Aktuel værdi
Nørager 357260 Sønder Omme,Omme,845.000,29-04-2011,Alm. Salg,5.281,5,Villa,160,1979,0 %,Aktuel værdi
Skovvej 307260 Sønder Omme,Omme,90.000,12-04-2011,Alm. Salg,452,5,Stuehus,199,1970,,
Tarm Landevej 297260 Sønder Omme,Omme,765.000,07-04-2011,Auktion,-,7,Villa,323,1917,-13 %,Aktuel værdi
Herningvej 97260 Sønder Omme,Omme,570.000,07-04-2011,Alm. Salg,4.750,4,Villa,120,1927,-3 %,Aktuel værdi
Grønvang 277260 Sønder Omme,Omme,775.000,29-03-2011,Alm. Salg,4.936,5,Villa,157,1966,-6 %,Aktuel værdi
Grønvang 297260 Sønder Omme,Omme,550.000,28-03-2011,Alm. Salg,4.583,4,Villa,120,1966,-8 %,Aktuel værdi
Hyldevej 77260 Sønder Omme,Omme,530.000,24-03-2011,Auktion,2.190,4,Villa,242,2014,-69 %,Aktuel værdi
Birkebæk Alle 157260 Sønder Omme,Omme,745.000,23-03-2011,Alm. Salg,5.820,4,Villa,128,1970,-12 %,Aktuel værdi
Herningvej 87260 Sønder Omme,Omme,395.000,22-03-2011,Alm. Salg,3.872,3,Rækkehus,102,1919,-12 %,Aktuel værdi
Solbakken 387260 Sønder Omme,Omme,1.010.000,17-03-2011,Alm. Salg,7.266,5,Villa,139,1975,,Aktuel værdi
Møbjergvej 777260 Sønder Omme,Omme,995.000,04-03-2011,Alm. Salg,5.751,5,Villa,173,1900,0 %,Aktuel værdi
Vilhelmsmindevej 507260 Sønder Omme,Omme,225.000,10-02-2011,Auktion,1.875,4,Villa,120,1922,-72 %,Aktuel værdi
Omme Landevej 707260 Sønder Omme,Omme,3.500.000,15-01-2011,Alm. Salg,15.765,6,Stuehus,222,1945,,
Sønderbro 107260 Sønder Omme,Omme,3.400.000,10-01-2011,Alm. Salg,33.009,4,Villa,103,1865,,Aktuel værdi
Hovedgaden 537260 Sønder Omme,Omme,950.000,02-01-2011,Alm. Salg,5.654,5,Villa,168,1936,-13 %,Aktuel værdi
Kirkebyvej 757260 Sønder Omme,Omme,866.000,01-01-2011,Fam. Salg,4.948,5,Villa,175,2010,,Aktuel værdi
"Vejlevej 1, 1. TH7260 Sønder Omme",Omme,725.000,21-12-2010,Fam. Salg,3.625,6,Lejlighed,200,1940,,Aktuel værdi
Grindstedvej 177260 Sønder Omme,Omme,350.000,09-12-2010,Auktion,3.211,2,Villa,109,1936,-50 %,Aktuel værdi
Enghaven 137260 Sønder Omme,Omme,1.411.050,05-11-2010,Alm. Salg,8.500,5,Villa,166,1920,-6 %,Aktuel værdi
Skovvang 57260 Sønder Omme,Omme,387.500,04-11-2010,Auktion,3.399,3,Villa,114,1952,,Aktuel værdi
Gammel Bøvlvej 287260 Sønder Omme,Omme,595.000,22-10-2010,Alm. Salg,6.071,3,Villa,98,1920,-8 %,Aktuel værdi
Stadion Alle 327260 Sønder Omme,Omme,560.000,07-10-2010,Alm. Salg,8.358,3,Villa,67,1950,-2 %,Aktuel værdi
Lyngvang 177260 Sønder Omme,Omme,1.075.000,09-09-2010,Alm. Salg,7.962,4,Villa,135,1973,-6 %,Aktuel værdi
Smedegade 97260 Sønder Omme,Omme,777.416,24-08-2010,Andet,4.113,6,Villa,189,2008,,Aktuel værdi
Tolvalenvej 197260 Sønder Omme,Omme,200.000,18-08-2010,Alm. Salg,1.307,6,Stuehus,153,1916,,
Nørager 147260 Sønder Omme,Omme,1.050.000,09-07-2010,Alm. Salg,8.974,4,Villa,117,1987,-2 %,Aktuel værdi
Nørager 377260 Sønder Omme,Omme,430.000,04-07-2010,Fam. Salg,3.282,5,Villa,131,1980,,Aktuel værdi
Egeparken 67260 Sønder Omme,Omme,1.750.000,25-06-2010,Alm. Salg,10.670,5,Villa,164,1997,-3 %,Aktuel værdi
Herningvej 17260 Sønder Omme,Omme,603.500,19-06-2010,Fam. Salg,4.714,5,Villa,128,1957,-30 %,Aktuel værdi
Bøvlvej 1127260 Sønder Omme,Omme,247.190,14-06-2010,Alm. Salg,2.746,4,Stuehus,90,1870,,
Bøvlvej 967260 Sønder Omme,Omme,168.000,04-06-2010,Alm. Salg,1.120,7,Stuehus,150,1950,,
Bøvlvej 897260 Sønder Omme,Omme,120.000,03-06-2010,Alm. Salg,530,8,Stuehus,226,1877,,
Hovedgaden 507260 Sønder Omme,Omme,995.000,01-06-2010,Alm. Salg,8.652,4,Villa,115,1946,0 %,Aktuel værdi
Enghaven 267260 Sønder Omme,Omme,850.000,24-05-2010,Alm. Salg,6.439,5,Villa,132,1968,-5 %,Aktuel værdi
Hasselvej 137260 Sønder Omme,Omme,920.000,20-05-2010,Alm. Salg,6.764,4,Villa,136,1971,-2 %,Aktuel værdi
Hovedgaden 717260 Sønder Omme,Omme,550.000,11-05-2010,Alm. Salg,-,5,Villa,128,1954,-8 %,Aktuel værdi
Åvej 107260 Sønder Omme,Omme,385.000,29-04-2010,Alm. Salg,4.695,3,Villa,82,1930,-3 %,Aktuel værdi
Bøvlvej 937260 Sønder Omme,Omme,1.400.000,14-04-2010,Alm. Salg,4.929,9,Stuehus,284,1927,-20 %,
Bøvlvej 1517260 Sønder Omme,Omme,1.500.000,08-04-2010,Alm. Salg,7.575,6,Stuehus,198,1940,,
Grønvang 57260 Sønder Omme,Omme,432.700,15-03-2010,Alm. Salg,3.278,5,Villa,132,1971,,Aktuel værdi
Tarm Landevej 87260 Sønder Omme,Omme,121.605,01-03-2010,Alm. Salg,593,9,Stuehus,205,1913,,
Hasselvej 147260 Sønder Omme,Omme,915.000,01-03-2010,Alm. Salg,8.714,4,Villa,105,1968,-5 %,Aktuel værdi
Enghaven 337260 Sønder Omme,Omme,1.125.000,26-02-2010,Alm. Salg,6.540,5,Villa,172,1974,-4 %,Aktuel værdi
Grønvang 247260 Sønder Omme,Omme,835.000,12-02-2010,Alm. Salg,6.094,4,Villa,137,1959,-5 %,Aktuel værdi
Grindstedvej 707260 Sønder Omme,Omme,720.000,12-12-2009,Alm. Salg,8.181,3,Villa,88,1962,-9 %,Aktuel værdi
Solbakken 487260 Sønder Omme,Omme,875.000,09-12-2009,Alm. Salg,6.076,5,Villa,144,1978,,Aktuel værdi
Egevej 47260 Sønder Omme,Omme,825.000,12-11-2009,Alm. Salg,7.366,4,Villa,112,1966,0 %,Aktuel værdi
Møbjergvej 537260 Sønder Omme,Omme,558.666,08-11-2009,Alm. Salg,6.139,2,Villa,91,1965,,Aktuel værdi
Herningvej 117260 Sønder Omme,Omme,650.000,29-10-2009,Auktion,7.471,5,Villa,87,1951,,Aktuel værdi
Nørager 277260 Sønder Omme,Omme,1.175.000,23-09-2009,Alm. Salg,8.103,5,Villa,145,1980,-2 %,Aktuel værdi
Nørager 167260 Sønder Omme,Omme,544.000,08-09-2009,Alm. Salg,3.578,5,Villa,152,1995,,Aktuel værdi
Lyngvang 17260 Sønder Omme,Omme,870.000,07-09-2009,Alm. Salg,7.131,4,Villa,122,1973,-3 %,Aktuel værdi
Åvej 217260 Sønder Omme,Omme,1.000.000,25-08-2009,Alm. Salg,10.416,4,Villa,96,1960,-5 %,Aktuel værdi
Engebækgårdvej 127260 Sønder Omme,Omme,940.000,14-08-2009,Alm. Salg,5.529,6,Stuehus,170,1877,-1 %,
Skærsigvej 77260 Sønder Omme,Omme,1.280.000,12-08-2009,Alm. Salg,-,6,Stuehus,204,1931,,
Birkevej 17260 Sønder Omme,Omme,850.000,24-07-2009,Alm. Salg,5.519,5,Villa,154,1964,1 %,Aktuel værdi
Tolvalenvej 67260 Sønder Omme,Omme,575.000,01-07-2009,Alm. Salg,4.872,3,Villa,118,1945,,Aktuel værdi
Lyngvang 3A7260 Sønder Omme,Omme,717.500,01-07-2009,Alm. Salg,5.881,4,Villa,122,1974,-1 %,Aktuel værdi
Skovvang 27260 Sønder Omme,Omme,675.000,10-06-2009,Alm. Salg,5.357,5,Villa,126,1960,-9 %,Aktuel værdi
Lyngvang 127260 Sønder Omme,Omme,700.000,10-06-2009,Alm. Salg,6.034,4,Villa,116,1972,-7 %,Aktuel værdi
Grønvang 287260 Sønder Omme,Omme,850.000,04-06-2009,Alm. Salg,7.327,3,Villa,116,1953,-2 %,Aktuel værdi
Møbjergvej 217260 Sønder Omme,Omme,1.660.000,28-05-2009,Alm. Salg,10.060,5,Villa,165,1942,,Aktuel værdi
Hyldevej 47260 Sønder Omme,Omme,700.000,01-05-2009,Alm. Salg,3.867,5,Villa,181,1914,,Aktuel værdi
Bøvlvej 1797260 Sønder Omme,Omme,490.000,23-04-2009,Alm. Salg,4.454,3,Villa,110,1949,-8 %,Aktuel værdi
Vilhelmsmindevej 397260 Sønder Omme,Omme,6.950.000,14-04-2009,Fam. Salg,18.098,6,Stuehus,384,1938,,
Egevej 167260 Sønder Omme,Omme,545.000,02-04-2009,Alm. Salg,4.909,4,Villa,111,1965,-8 %,Aktuel værdi
Vejlevej 67260 Sønder Omme,Omme,1.075.000,27-03-2009,Alm. Salg,8.022,9,Engroshandel,134,1939,,Aktuel værdi
"Vejlevej 14, 17260 Sønder Omme",Omme,550.000,27-03-2009,Alm. Salg,4.700,4,Lejlighed,117,1935,,Aktuel værdi
"Vejlevej 14, ST7260 Sønder Omme",Omme,550.000,27-03-2009,Alm. Salg,5.339,3,Lejlighed,103,1935,,Aktuel værdi
Vejlevej 97260 Sønder Omme,Omme,1.225.000,26-03-2009,Alm. Salg,8.941,7,Ukendt,137,1957,,Aktuel værdi
Lyngvang 87260 Sønder Omme,Omme,815.000,25-03-2009,Alm. Salg,7.276,4,Villa,112,1972,-4 %,Aktuel værdi
Parallelvej 47260 Sønder Omme,Omme,850.000,20-03-2009,Alm. Salg,7.327,4,Villa,116,1965,0 %,Aktuel værdi
Parallelvej 67260 Sønder Omme,Omme,740.000,14-03-2009,Alm. Salg,6.379,4,Villa,116,1969,-7 %,Aktuel værdi
Birkevej 77260 Sønder Omme,Omme,1.300.000,24-02-2009,Alm. Salg,9.489,5,Villa,137,1971,-3 %,Aktuel værdi
Vilhelmsmindevej 437260 Sønder Omme,Omme,2.771.835,26-01-2009,Alm. Salg,15.839,5,Villa,175,1924,,Aktuel værdi
Hovedgaden 227260 Sønder Omme,Omme,419.500,22-12-2008,Fam. Salg,2.511,7,Villa,167,1900,,Aktuel værdi
Gammel Bøvlvej 57260 Sønder Omme,Omme,600.000,12-11-2008,Fam. Salg,2.479,6,Villa,242,1913,,Aktuel værdi
Tarm Landevej 437260 Sønder Omme,Omme,40.000.000,06-11-2008,Alm. Salg,201.005,7,Stuehus,199,2013,,
Hasselvej 37260 Sønder Omme,Omme,1.600.000,27-10-2008,Alm. Salg,8.465,8,Villa,189,1968,,Aktuel værdi
Vesterled 137260 Sønder Omme,Omme,845.000,25-10-2008,Alm. Salg,9.086,4,Villa,93,1964,4 %,Aktuel værdi
Grindstedvej 367260 Sønder Omme,Omme,272.000,22-09-2008,Alm. Salg,2.472,5,Villa,110,1942,,Aktuel værdi
Herningvej 137260 Sønder Omme,Omme,745.000,03-09-2008,Alm. Salg,7.163,3,Villa,104,1952,0 %,Aktuel værdi
Holdgårdsvej 327260 Sønder Omme,Omme,755.000,25-08-2008,Alm. Salg,7.259,3,Villa,104,1985,-3 %,Aktuel værdi
Solbakken 557260 Sønder Omme,Omme,1.425.000,07-08-2008,Alm. Salg,10.555,4,Villa,135,1978,-2 %,Aktuel værdi
Skole Alle 107260 Sønder Omme,Omme,795.000,25-06-2008,Alm. Salg,6.625,4,Villa,120,1910,0 %,Aktuel værdi
Simmelvej 217260 Sønder Omme,Omme,645.000,23-06-2008,Auktion,4.640,3,Stuehus,139,1959,,
Hasselvej 117260 Sønder Omme,Omme,875.000,12-06-2008,Alm. Salg,6.835,4,Villa,128,1969,0 %,Aktuel værdi
Vesterled 127260 Sønder Omme,Omme,970.000,16-05-2008,Alm. Salg,8.738,4,Villa,111,1963,-3 %,Aktuel værdi
Farvergade 47260 Sønder Omme,Omme,595.000,16-05-2008,Alm. Salg,-,5,Villa,105,1940,0 %,Aktuel værdi
Tolvalenvej 157260 Sønder Omme,Omme,580.000,15-05-2008,Alm. Salg,6.170,4,Villa,94,1965,-3 %,Aktuel værdi
Nørager 57260 Sønder Omme,Omme,1.180.000,10-05-2008,Alm. Salg,8.428,6,Villa,140,1979,,Aktuel værdi
Holdgårdsvej 27260 Sønder Omme,Omme,775.000,24-04-2008,Alm. Salg,7.989,3,Villa,97,1956,0 %,Aktuel værdi
Gammel Bøvlvej 187260 Sønder Omme,Omme,595.000,02-04-2008,Alm. Salg,5.613,4,Villa,106,1920,0 %,Aktuel værdi
Åvej 127260 Sønder Omme,Omme,710.000,29-03-2008,Alm. Salg,7.395,4,Villa,96,1937,,Aktuel værdi
Vesterled 17260 Sønder Omme,Omme,775.000,12-03-2008,Alm. Salg,10.197,3,Villa,76,1952,-3 %,Aktuel værdi
Skovvang 237260 Sønder Omme,Omme,2.080.000,05-03-2008,Alm. Salg,8.813,7,Villa,236,1969,6 %,Aktuel værdi
Simmelbrovej 527260 Sønder Omme,Omme,1.800.000,04-03-2008,Alm. Salg,11.320,6,Stuehus,159,1926,,
Enghaven 327260 Sønder Omme,Omme,880.000,01-03-2008,Alm. Salg,5.176,6,Villa,170,1973,-7 %,Aktuel værdi
Herningvej 497260 Sønder Omme,Omme,1.500.000,29-02-2008,Alm. Salg,-,5,Stuehus,279,1888,-5 %,
Herningvej 1007260 Sønder Omme,Omme,2.950.000,28-02-2008,Alm. Salg,-,6,Stuehus,215,1928,,
Stadion Alle 20B7260 Sønder Omme,Omme,640.000,28-02-2008,Alm. Salg,6.400,3,Villa,100,1921,-2 %,Aktuel værdi
Holdgårdsvej 37260 Sønder Omme,Omme,910.000,25-02-2008,Alm. Salg,13.000,3,Villa,70,1937,-2 %,Aktuel værdi
Parallelvej 127260 Sønder Omme,Omme,520.000,22-02-2008,Alm. Salg,4.406,4,Villa,118,1969,,Aktuel værdi
Herningvej 187260 Sønder Omme,Omme,500.000,15-02-2008,Alm. Salg,-,5,Villa,207,1950,-13 %,Aktuel værdi
Birkemosevej 37260 Sønder Omme,Omme,1.972.500,14-02-2008,Fam. Salg,16.036,4,Stuehus,123,1930,,
Holdgårdsvej 97260 Sønder Omme,Omme,750.000,11-02-2008,Alm. Salg,6.097,4,Villa,123,1934,,Aktuel værdi
Nørager 777260 Sønder Omme,Omme,640.000,04-02-2008,Alm. Salg,7.272,3,Rækkehus,88,1982,,Aktuel værdi
Skole Alle 127260 Sønder Omme,Omme,1.500.000,24-01-2008,Alm. Salg,6.976,6,Villa,215,1900,-3 %,Aktuel værdi
Holdgårdsvej 317260 Sønder Omme,Omme,500.000,22-01-2008,Alm. Salg,4.950,5,Villa,101,1939,-16 %,Aktuel værdi
Nørager 267260 Sønder Omme,Omme,680.000,19-01-2008,Alm. Salg,5.913,3,Rækkehus,115,1980,-2 %,Aktuel værdi
Kirkebyvej 1087260 Sønder Omme,Omme,2.500.000,18-01-2008,Fam. Salg,17.482,4,Stuehus,143,1992,,
Vejlevej 377260 Sønder Omme,Omme,795.000,14-01-2008,Alm. Salg,7.794,4,Villa,102,1955,0 %,Aktuel værdi
Skovvang 37260 Sønder Omme,Omme,586.500,20-12-2007,Fam. Salg,4.654,4,Villa,126,1960,,Aktuel værdi
Stakrogevej 647260 Sønder Omme,Omme,315.000,20-12-2007,Alm. Salg,4.375,3,Villa,72,1915,-21 %,Aktuel værdi
Holdgårdsvej 77260 Sønder Omme,Omme,620.500,20-12-2007,Alm. Salg,4.339,5,Villa,143,1934,,Aktuel værdi
Stakrogevej 557260 Sønder Omme,Omme,4.887.500,30-11-2007,Fam. Salg,16.077,8,Stuehus,304,1871,,
Simmelvej 127260 Sønder Omme,Omme,2.900.000,26-11-2007,Fam. Salg,16.571,7,Stuehus,175,1945,,
Gammel Bøvlvej 97260 Sønder Omme,Omme,462.500,01-11-2007,Alm. Salg,3.613,5,Villa,128,1910,,Aktuel værdi
Grindstedvej 727260 Sønder Omme,Omme,695.000,30-10-2007,Alm. Salg,7.091,4,Villa,98,1959,,Aktuel værdi
Nørager 237260 Sønder Omme,Omme,925.000,22-10-2007,Alm. Salg,7.283,4,Villa,127,1979,,Aktuel værdi
Herningvej 407260 Sønder Omme,Omme,1.237.800,15-10-2007,Alm. Salg,8.905,6,Stuehus,139,1925,,
Tolvalenvej 207260 Sønder Omme,Omme,1.500.000,10-10-2007,Alm. Salg,8.875,7,Stuehus,169,1922,,
Herningvej 147260 Sønder Omme,Omme,725.000,05-10-2007,Alm. Salg,8.055,4,Villa,90,1950,,Aktuel værdi
Nørager 257260 Sønder Omme,Omme,1.050.000,04-10-2007,Alm. Salg,7.608,5,Villa,138,1980,,Aktuel værdi
Holdgårdsvej 287260 Sønder Omme,Omme,830.000,29-09-2007,Alm. Salg,5.123,4,Villa,162,1934,,Aktuel værdi
Vesterled 47260 Sønder Omme,Omme,565.000,27-09-2007,Alm. Salg,10.089,1,Rækkehus,56,1948,,Aktuel værdi
Birkevej 87260 Sønder Omme,Omme,1.000.000,18-09-2007,Alm. Salg,5.681,6,Villa,176,1970,,Aktuel værdi
Herningvej 527260 Sønder Omme,Omme,4.250.000,01-09-2007,Alm. Salg,10.095,10,Stuehus,421,1923,,
Gammel Bøvlvej 207260 Sønder Omme,Omme,625.000,30-08-2007,Alm. Salg,6.009,4,Villa,104,1964,,Aktuel værdi
Egeparken 117260 Sønder Omme,Omme,178.520,27-08-2007,Alm. Salg,1.068,5,Villa,167,2008,,Aktuel værdi
Egeparken 77260 Sønder Omme,Omme,183.360,26-07-2007,Alm. Salg,1.078,6,Villa,170,2009,,Aktuel værdi
Nedergårdsvej 127260 Sønder Omme,Omme,1.645.000,13-07-2007,Alm. Salg,11.040,5,Villa,149,1996,,Aktuel værdi
Grindstedvej 647260 Sønder Omme,Omme,30.000,11-07-2007,Alm. Salg,111,6,Villa,269,1954,,Aktuel værdi
Nørager 797260 Sønder Omme,Omme,665.000,28-06-2007,Alm. Salg,7.471,3,Rækkehus,89,1981,-5 %,Aktuel værdi
Grindstedvej 387260 Sønder Omme,Omme,147.564,28-06-2007,Fam. Salg,1.916,3,Villa,77,1956,,Aktuel værdi
Møbjergvej 947260 Sønder Omme,Omme,2.450.000,22-06-2007,Fam. Salg,-,8,Stuehus,213,1907,,
Herningvej 817260 Sønder Omme,Omme,970.000,01-06-2007,Alm. Salg,9.150,4,Villa,106,1918,,Aktuel værdi
Solbakken 27260 Sønder Omme,Omme,995.000,31-05-2007,Alm. Salg,6.815,6,Villa,146,1979,,Aktuel værdi
Tværvej 67260 Sønder Omme,Omme,1.250.000,31-05-2007,Alm. Salg,-,4,Villa,141,1936,,Aktuel værdi
Egeparken 57260 Sønder Omme,Omme,1.500.000,18-05-2007,Alm. Salg,10.563,4,Villa,142,2001,,Aktuel værdi
Grønvang 87260 Sønder Omme,Omme,680.000,15-05-2007,Alm. Salg,6.938,3,Villa,98,1952,,Aktuel værdi
Møbjergvej 167260 Sønder Omme,Omme,2.471.200,27-04-2007,Alm. Salg,11.601,6,Stuehus,213,1912,,
Nørager 287260 Sønder Omme,Omme,675.000,19-04-2007,Alm. Salg,7.848,2,Rækkehus,86,1980,,Aktuel værdi
Stadion Alle 247260 Sønder Omme,Omme,645.000,18-04-2007,Alm. Salg,8.958,3,Villa,72,1954,,Aktuel værdi
Gammel Bøvlvej 127260 Sønder Omme,Omme,600.000,15-04-2007,Alm. Salg,6.896,3,Villa,87,1921,,Aktuel værdi
Stakrogevej 287260 Sønder Omme,Omme,775.000,30-03-2007,Alm. Salg,86.111,2,BygningTilLager,9,1986,,Aktuel værdi
Skole Alle 67260 Sønder Omme,Omme,750.000,29-03-2007,Alm. Salg,5.813,5,Villa,129,1915,,Aktuel værdi
Bøvlvej 1477260 Sønder Omme,Omme,1.025.000,15-03-2007,Fam. Salg,5.726,5,Stuehus,179,2008,,
Vesterled 107260 Sønder Omme,Omme,1.015.000,08-03-2007,Alm. Salg,5.178,7,Villa,196,1959,-3 %,Aktuel værdi
Stakrogevej 477260 Sønder Omme,Omme,5.018.895,23-02-2007,Alm. Salg,31.368,6,Stuehus,160,1974,,
Hovedgaden 207260 Sønder Omme,Omme,1.600.000,20-01-2007,Alm. Salg,9.756,8,Villa,164,1890,,Aktuel værdi
Bøvlvej 1707260 Sønder Omme,Omme,407.500,02-01-2007,Alm. Salg,3.956,3,Villa,103,1950,,Aktuel værdi
Gammel Bøvlvej 507260 Sønder Omme,Omme,460.000,13-12-2006,Alm. Salg,4.423,5,Villa,104,1952,,Aktuel værdi
Holdgårdsvej 347260 Sønder Omme,Omme,820.000,11-12-2006,Fam. Salg,5.125,5,Villa,160,1974,,Aktuel værdi
Engebækgårdvej 587260 Sønder Omme,Omme,850.000,05-12-2006,Alm. Salg,8.500,3,Villa,100,1984,,Aktuel værdi
Enghaven 217260 Sønder Omme,Omme,735.000,31-10-2006,Alm. Salg,8.448,4,Villa,87,1935,,Aktuel værdi
Engebækgårdvej 397260 Sønder Omme,Omme,200.000,24-09-2006,Fam. Salg,1.265,8,Stuehus,158,1875,,
Egeparken 47260 Sønder Omme,Omme,1.125.000,16-09-2006,Alm. Salg,9.072,5,Villa,124,1997,,Aktuel værdi
Gammel Bøvlvej 417260 Sønder Omme,Omme,660.000,15-09-2006,Alm. Salg,4.888,5,Villa,135,1964,,Aktuel værdi
Egeparken 237260 Sønder Omme,Omme,153.640,05-09-2006,Alm. Salg,1.059,3,Villa,145,2008,,Aktuel værdi
Stadion Alle 307260 Sønder Omme,Omme,640.000,05-09-2006,Alm. Salg,6.400,4,Villa,100,1947,,Aktuel værdi
Møbjergvej 257260 Sønder Omme,Omme,90.000,31-08-2006,Alm. Salg,818,4,Villa,110,1877,,Aktuel værdi
Solbakken 437260 Sønder Omme,Omme,875.000,31-07-2006,Alm. Salg,5.872,5,Villa,149,1977,,Aktuel værdi
Herningvej 1017260 Sønder Omme,Omme,1.021.300,20-07-2006,Alm. Salg,5.158,6,Stuehus,198,1954,,
Vejlevej 307260 Sønder Omme,Omme,535.000,20-07-2006,Alm. Salg,4.421,3,Villa,121,1937,,Aktuel værdi
Møbjergvej 857260 Sønder Omme,Omme,940.000,17-07-2006,Alm. Salg,5.696,3,Stuehus,165,1930,,
Holdgårdsvej 307260 Sønder Omme,Omme,895.000,15-07-2006,Alm. Salg,7.991,4,Villa,112,1935,,Aktuel værdi
Grønvang 167260 Sønder Omme,Omme,750.000,09-07-2006,Alm. Salg,4.746,7,Villa,158,1954,,Aktuel værdi
Møbjergvej 617260 Sønder Omme,Omme,1.135.000,05-07-2006,Alm. Salg,8.867,5,Villa,128,1942,,Aktuel værdi
Vandværksvej 17260 Sønder Omme,Omme,470.246,04-07-2006,Andet,4.521,4,Villa,104,1900,,Aktuel værdi
Egeparken 37260 Sønder Omme,Omme,149.790,29-06-2006,Alm. Salg,846,5,Villa,177,2008,,Aktuel værdi
Stakrogevej 147260 Sønder Omme,Omme,630.000,24-06-2006,Alm. Salg,4.144,5,Villa,152,1962,,Aktuel værdi
Åvej 177260 Sønder Omme,Omme,502.000,23-06-2006,Alm. Salg,6.693,3,Villa,75,1968,,Aktuel værdi
Birkevej 57260 Sønder Omme,Omme,950.000,22-06-2006,Alm. Salg,6.375,6,Villa,149,1970,,Aktuel værdi
Vejlevej 297260 Sønder Omme,Omme,1.075.000,09-06-2006,Alm. Salg,10.141,2,Villa,106,1935,,Aktuel værdi
Enghaven 37260 Sønder Omme,Omme,775.000,15-05-2006,Alm. Salg,5.344,5,Villa,145,1967,,Aktuel værdi
Hovedgaden 777260 Sønder Omme,Omme,2.600.000,26-04-2006,Alm. Salg,14.772,6,Stuehus,176,1953,,
Solbakken 257260 Sønder Omme,Omme,760.000,11-04-2006,Alm. Salg,5.937,5,Villa,128,1977,,Aktuel værdi
Gammel Bøvlvej 407260 Sønder Omme,Omme,392.393,03-04-2006,Andet,3.041,4,Villa,129,1953,,Aktuel værdi
Kirkebyvej 1077260 Sønder Omme,Omme,1.550.000,17-03-2006,Alm. Salg,8.288,7,Stuehus,187,1910,,
Holdgårdsvej 387260 Sønder Omme,Omme,800.000,27-02-2006,Alm. Salg,5.925,5,Villa,135,1971,,Aktuel værdi
Grindstedvej 317260 Sønder Omme,Omme,495.000,15-02-2006,Alm. Salg,5.000,2,Villa,99,1937,,Aktuel værdi
Lyngvang 447260 Sønder Omme,Omme,1.050.000,10-02-2006,Alm. Salg,5.833,7,Villa,180,1973,,Aktuel værdi
Nørager 617260 Sønder Omme,Omme,325.306,01-02-2006,Alm. Salg,2.020,6,Villa,161,1988,,Aktuel værdi
Grindstedvej 667260 Sønder Omme,Omme,825.000,21-01-2006,Alm. Salg,3.873,6,Villa,213,1937,,Aktuel værdi
Solbakken 17260 Sønder Omme,Omme,890.000,11-01-2006,Alm. Salg,6.223,5,Villa,143,1976,,Aktuel værdi
Simmelvej 97260 Sønder Omme,Omme,800.000,05-01-2006,Alm. Salg,6.201,3,Villa,129,1936,,Aktuel værdi
Grønvang 187260 Sønder Omme,Omme,912.500,01-12-2005,Alm. Salg,7.799,4,Villa,117,1955,,Aktuel værdi
Gammel Bøvlvej 427260 Sønder Omme,Omme,640.000,19-11-2005,Alm. Salg,4.885,6,Villa,131,1959,,Aktuel værdi
Grindstedvej 147260 Sønder Omme,Omme,682.500,19-11-2005,Alm. Salg,5.687,5,Villa,120,1915,,Aktuel værdi
Brande Landevej 47260 Sønder Omme,Omme,1.412.500,16-11-2005,Fam. Salg,5.812,7,Stuehus,243,2012,,
Lærke Alle 47260 Sønder Omme,Omme,495.000,04-11-2005,Alm. Salg,3.666,4,Villa,135,1961,,Aktuel værdi
Grindstedvej 417260 Sønder Omme,Omme,950.000,01-11-2005,Alm. Salg,7.142,4,Villa,133,1958,,Aktuel værdi
Grindstedvej 457260 Sønder Omme,Omme,1.875.000,29-09-2005,Alm. Salg,6.996,7,Villa,268,1995,,Aktuel værdi
Grindstedvej 587260 Sønder Omme,Omme,575.000,27-09-2005,Alm. Salg,4.674,4,Villa,123,1933,,Aktuel værdi
Farvergade 137260 Sønder Omme,Omme,1.550.000,17-09-2005,Alm. Salg,7.045,6,Villa,220,1859,,Aktuel værdi
Herningvej 447260 Sønder Omme,Omme,2.275.000,16-09-2005,Alm. Salg,9.558,8,Stuehus,238,1926,,
Gammel Bøvlvej 377260 Sønder Omme,Omme,695.000,01-09-2005,Alm. Salg,4.826,5,Villa,144,1961,,Aktuel værdi
Vejlevej 397260 Sønder Omme,Omme,215.000,30-08-2005,Alm. Salg,2.388,3,Villa,90,1952,,Aktuel værdi
Vejlevej 427260 Sønder Omme,Omme,655.000,24-08-2005,Alm. Salg,4.851,4,Villa,135,1942,,Aktuel værdi
Egevej 157260 Sønder Omme,Omme,625.000,16-08-2005,Alm. Salg,5.208,4,Villa,120,1965,,Aktuel værdi
Vejlevej 667260 Sønder Omme,Omme,240.000,26-07-2005,Alm. Salg,5.217,1,Sommerhus,46,1946,,Aktuel værdi
Hasselvej 47260 Sønder Omme,Omme,745.000,25-07-2005,Alm. Salg,-,8,Villa,204,1968,,Aktuel værdi
Gammel Bøvlvej 317260 Sønder Omme,Omme,375.000,18-07-2005,Alm. Salg,2.358,5,Villa,159,1949,,Aktuel værdi
Hovedgaden 307260 Sønder Omme,Omme,322.218,15-07-2005,Alm. Salg,2.106,5,Villa,153,1913,,Aktuel værdi
Gammel Bøvlvej 437260 Sønder Omme,Omme,860.000,06-07-2005,Alm. Salg,6.564,5,Villa,131,1965,,Aktuel værdi
Skovvang 77260 Sønder Omme,Omme,540.000,25-06-2005,Alm. Salg,-,5,Villa,173,1953,,Aktuel værdi
Egeparken 217260 Sønder Omme,Omme,1.450.000,13-06-2005,Alm. Salg,9.235,5,Villa,157,2000,,Aktuel værdi
Solbakken 77260 Sønder Omme,Omme,502.000,09-06-2005,Alm. Salg,4.016,4,Villa,125,1977,,Aktuel værdi
Bøvlvej 1007260 Sønder Omme,Omme,1.775.000,02-06-2005,Alm. Salg,12.500,4,Stuehus,142,1923,,
Grindstedvej 247260 Sønder Omme,Omme,450.000,01-06-2005,Alm. Salg,4.205,3,Villa,107,1939,,Aktuel værdi
Herningvej 127260 Sønder Omme,Omme,645.000,01-06-2005,Alm. Salg,6.649,2,Villa,97,1946,,Aktuel værdi
Kirkebyvej 917260 Sønder Omme,Omme,1.575.000,27-05-2005,Alm. Salg,8.422,6,Villa,187,1872,,Aktuel værdi
Solbakken 337260 Sønder Omme,Omme,900.000,21-05-2005,Alm. Salg,6.474,6,Villa,139,1976,,Aktuel værdi
Engebækgårdvej 367260 Sønder Omme,Omme,4.300.000,18-05-2005,Alm. Salg,19.026,7,Stuehus,226,2005,,
Stadion Alle 67260 Sønder Omme,Omme,2.000.000,25-04-2005,Alm. Salg,13.698,5,Villa,146,1963,,Aktuel værdi
Hovedgaden 737260 Sønder Omme,Omme,660.000,21-04-2005,Alm. Salg,5.454,3,Villa,121,1960,,Aktuel værdi
Bøvlvej 1287260 Sønder Omme,Omme,2.100.000,07-04-2005,Alm. Salg,24.705,4,Stuehus,85,1974,,
Skovvej 217260 Sønder Omme,Omme,904.320,05-04-2005,Alm. Salg,3.676,7,Stuehus,246,2017,,
Egeparken 207260 Sønder Omme,Omme,1.395.000,05-04-2005,Alm. Salg,7.926,6,Villa,176,2001,,Aktuel værdi
Egeparken 227260 Sønder Omme,Omme,154.000,04-04-2005,Alm. Salg,950,5,Villa,162,2006,,Aktuel værdi
Brande Landevej 147260 Sønder Omme,Omme,2.757.746,22-03-2005,Fam. Salg,20.427,5,Stuehus,135,1931,,
Skovvej 207260 Sønder Omme,Omme,2.700.000,21-03-2005,Fam. Salg,13.989,8,Stuehus,193,1915,,
Egeparken 137260 Sønder Omme,Omme,194.180,21-03-2005,Alm. Salg,1.090,5,Villa,178,2006,,Aktuel værdi
Grindstedvej 347260 Sønder Omme,Omme,745.000,21-03-2005,Alm. Salg,6.535,3,Villa,114,1948,,Aktuel værdi
Grindstedvej 74A7260 Sønder Omme,Omme,340.000,21-03-2005,Alm. Salg,3.333,3,Villa,102,1947,,Aktuel værdi
Engebækgårdvej 167260 Sønder Omme,Omme,1.290.000,02-03-2005,Alm. Salg,5.019,9,Stuehus,257,1900,,
Lyngvang 107260 Sønder Omme,Omme,670.000,24-01-2005,Alm. Salg,6.036,4,Villa,111,1972,,Aktuel værdi
Kirkebyvej 1127260 Sønder Omme,Omme,4.550.000,30-12-2004,Alm. Salg,28.086,5,Stuehus,162,1945,,
Kirkebyvej 1397260 Sønder Omme,Omme,160.000,19-11-2004,Alm. Salg,888,7,Stuehus,180,1902,,
Bøvlvej 1317260 Sønder Omme,Omme,3.835.000,12-11-2004,Alm. Salg,-,8,Stuehus,315,1900,,
Holdgårdsvej 117260 Sønder Omme,Omme,648.379,29-10-2004,Alm. Salg,-,2,Villa,93,1935,,Aktuel værdi
Rahbæksvej 47260 Sønder Omme,Omme,435.835,26-10-2004,Andet,2.690,5,Villa,162,1976,,Aktuel værdi
Solbakken 207260 Sønder Omme,Omme,1.046.577,12-10-2004,Alm. Salg,5.206,8,Villa,201,1975,,Aktuel værdi
Bøvlvej 857260 Sønder Omme,Omme,395.000,07-10-2004,Alm. Salg,-,10,Villa,310,1880,,Aktuel værdi
Tarm Landevej 637260 Sønder Omme,Omme,1.395.000,18-09-2004,Alm. Salg,5.936,9,Villa,235,1900,,Aktuel værdi
Stakrogevej 207260 Sønder Omme,Omme,1.580.000,15-08-2004,Alm. Salg,6.294,9,Villa,251,1930,,Aktuel værdi
Simmelbrovej 377260 Sønder Omme,Omme,4.868.127,15-08-2004,Andet,-,3,Stuehus,172,1936,,
Skovvang 177260 Sønder Omme,Omme,645.000,09-07-2004,Alm. Salg,4.387,6,Villa,147,1961,,Aktuel værdi
Engebækgårdvej 97260 Sønder Omme,Omme,218.000,08-07-2004,Alm. Salg,2.422,4,Villa,90,1922,,Aktuel værdi
Grønvang 307260 Sønder Omme,Omme,615.000,29-06-2004,Alm. Salg,3.514,5,Villa,175,1951,,Aktuel værdi
Stadion Alle 267260 Sønder Omme,Omme,660.000,23-06-2004,Alm. Salg,7.764,4,Villa,85,1948,,Aktuel værdi
Vejlevej 467260 Sønder Omme,Omme,1.412.028,07-06-2004,Alm. Salg,-,10,Stuehus,209,1919,,
Farvergade 127260 Sønder Omme,Omme,288.000,01-06-2004,Fam. Salg,3.310,3,Villa,87,1963,,Aktuel værdi
Solbakken 147260 Sønder Omme,Omme,1.250.000,28-05-2004,Alm. Salg,7.861,6,Villa,159,1979,,Aktuel værdi
Engebækgårdvej 217260 Sønder Omme,Omme,1.290.000,28-05-2004,Alm. Salg,-,6,Stuehus,148,1900,,
Farvergade 67260 Sønder Omme,Omme,370.000,19-04-2004,Alm. Salg,2.283,7,Villa,162,1942,,Aktuel værdi
Farvergade 17260 Sønder Omme,Omme,710.000,14-04-2004,Fam. Salg,4.797,5,Villa,148,1954,,Aktuel værdi
Skovvej 557260 Sønder Omme,Omme,11.350.000,10-04-2004,Andet,56.467,8,Stuehus,201,1932,,
Stadion Alle 187260 Sønder Omme,Omme,525.000,31-03-2004,Alm. Salg,4.861,5,Villa,108,1920,,Aktuel værdi
Solbakken 687260 Sønder Omme,Omme,1.050.000,26-03-2004,Alm. Salg,5.147,6,Villa,204,1977,,Aktuel værdi
Grønvang 327260 Sønder Omme,Omme,540.055,18-03-2004,Andet,4.909,4,Villa,110,1970,,Aktuel værdi
Grønvang 37260 Sønder Omme,Omme,1.075.000,15-03-2004,Alm. Salg,7.263,5,Villa,148,1972,,Aktuel værdi
Stadion Alle 20A7260 Sønder Omme,Omme,830.000,12-03-2004,Alm. Salg,5.123,4,Villa,162,1918,,Aktuel værdi
Solbakken 197260 Sønder Omme,Omme,890.000,04-03-2004,Alm. Salg,5.779,5,Villa,154,1978,,Aktuel værdi
Solbakken 237260 Sønder Omme,Omme,995.000,01-03-2004,Alm. Salg,6.633,6,Villa,150,1977,,Aktuel værdi
Nørager 197260 Sønder Omme,Omme,822.424,27-02-2004,Fam. Salg,5.140,7,Villa,160,1980,,Aktuel værdi
Vilhelmsmindevej 357260 Sønder Omme,Omme,382.300,27-02-2004,Alm. Salg,1.086,8,Stuehus,352,2010,,
Bøvlvej 1737260 Sønder Omme,Omme,420.000,30-01-2004,Alm. Salg,3.684,5,Villa,114,1941,,Aktuel værdi
Lærke Alle 17260 Sønder Omme,Omme,785.000,23-01-2004,Alm. Salg,6.487,4,Villa,121,1969,,Aktuel værdi
Herningvej 487260 Sønder Omme,Omme,2.250.000,22-01-2004,Alm. Salg,16.071,5,Stuehus,140,1890,,
Vejlevej 357260 Sønder Omme,Omme,575.000,18-01-2004,Fam. Salg,5.180,4,Villa,111,1965,,Aktuel værdi
Tarm Landevej 257260 Sønder Omme,Omme,745.000,02-12-2003,Alm. Salg,3.281,6,Villa,227,1942,,Aktuel værdi
Hovedgaden 237260 Sønder Omme,Omme,564.000,24-11-2003,Alm. Salg,3.662,5,Villa,154,1923,,Aktuel værdi
Grindstedvej 627260 Sønder Omme,Omme,572.000,14-10-2003,Alm. Salg,5.720,3,Villa,100,1927,,Aktuel værdi
Holdgårdsvej 67260 Sønder Omme,Omme,680.000,08-10-2003,Alm. Salg,6.071,4,Villa,112,1959,,Aktuel værdi
Birkebæk Alle 57260 Sønder Omme,Omme,489.000,17-08-2003,Alm. Salg,5.041,4,Villa,97,1951,,Aktuel værdi
Engebækgårdvej 287260 Sønder Omme,Omme,1.771.596,17-08-2003,Alm. Salg,13.523,4,Stuehus,131,2009,,
Bøvlvej 697260 Sønder Omme,Omme,4.150.000,30-07-2003,Alm. Salg,17.436,7,Stuehus,238,1919,,
Vilhelmsmindevej 467260 Sønder Omme,Omme,560.000,18-07-2003,Alm. Salg,-,5,Villa,144,1941,,Aktuel værdi
Skovvang 257260 Sønder Omme,Omme,2.000.000,10-07-2003,Fam. Salg,10.638,6,Villa,188,1999,,Aktuel værdi
Tolvalenvej 317260 Sønder Omme,Omme,955.000,03-07-2003,Alm. Salg,-,10,Stuehus,319,1887,,
Enghaven 67260 Sønder Omme,Omme,229.500,20-06-2003,Fam. Salg,1.550,6,Villa,148,2004,,Aktuel værdi
Gammel Bøvlvej 467260 Sønder Omme,Omme,680.000,21-05-2003,Alm. Salg,6.415,3,Villa,106,1959,,Aktuel værdi
Bøvlvej 1607260 Sønder Omme,Omme,265.218,15-05-2003,Fam. Salg,1.346,7,Stuehus,197,1937,,
Skovvej 267260 Sønder Omme,Omme,775.000,09-05-2003,Alm. Salg,8.244,3,Villa,94,1958,,Aktuel værdi
Grindstedvej 157260 Sønder Omme,Omme,350.000,02-05-2003,Alm. Salg,3.723,2,Villa,94,1934,,Aktuel værdi
Holdgårdsvej 237260 Sønder Omme,Omme,371.000,20-04-2003,Alm. Salg,2.144,7,Villa,173,1935,,Aktuel værdi
Tarm Landevej 557260 Sønder Omme,Omme,5.200.000,12-04-2003,Alm. Salg,19.259,8,Stuehus,270,1964,,
Sønderbro 57260 Sønder Omme,Omme,575.000,09-04-2003,Fam. Salg,5.927,3,Villa,97,1927,,Aktuel værdi
Møbjergvej 297260 Sønder Omme,Omme,695.700,05-04-2003,Alm. Salg,6.957,3,Stuehus,100,1927,,
Nørager 557260 Sønder Omme,Omme,890.000,19-03-2003,Alm. Salg,-,6,Villa,184,1980,,Aktuel værdi
Stakrogevej 857260 Sønder Omme,Omme,750.000,15-03-2003,Alm. Salg,4.870,4,Villa,154,1880,,Aktuel værdi
Holdgårdsvej 267260 Sønder Omme,Omme,425.000,11-03-2003,Alm. Salg,3.269,4,Villa,130,1934,,Aktuel værdi
Enghaven 117260 Sønder Omme,Omme,391.000,11-03-2003,Fam. Salg,-,5,Villa,122,1947,,Aktuel værdi
Hasselvej 77260 Sønder Omme,Omme,950.000,05-03-2003,Alm. Salg,5.523,5,Villa,172,1971,,Aktuel værdi
Møbjergvej 417260 Sønder Omme,Omme,1.515.716,28-02-2003,Alm. Salg,8.612,4,Villa,176,1997,,Aktuel værdi
Nørager 937260 Sønder Omme,Omme,575.000,14-01-2003,Alm. Salg,7.467,2,Rækkehus,77,1980,,Aktuel værdi
Møbjergvej 87260 Sønder Omme,Omme,125.000,06-12-2002,Alm. Salg,-,5,Stuehus,140,1958,,
Vesterled 27260 Sønder Omme,Omme,377.915,29-11-2002,Alm. Salg,6.748,1,Rækkehus,56,1947,,Aktuel værdi
Grindstedvej 87260 Sønder Omme,Omme,202.000,20-11-2002,Auktion,2.433,4,Rækkehus,83,1932,,Aktuel værdi
Solbakken 377260 Sønder Omme,Omme,338.272,31-10-2002,Andet,2.543,3,Villa,133,1981,,Aktuel værdi
Grindstedvej 17260 Sønder Omme,Omme,1.300.000,24-09-2002,Alm. Salg,6.666,7,Stuehus,195,1907,,
Simmelvej 167260 Sønder Omme,Omme,570.000,24-09-2002,Alm. Salg,4.956,5,Stuehus,115,1928,,
Tolvalenvej 237260 Sønder Omme,Omme,1.000.000,11-09-2002,Fam. Salg,-,8,Villa,224,1936,,Aktuel værdi
Nordtoften 37260 Sønder Omme,Omme,562.500,27-08-2002,Alm. Salg,5.514,4,Villa,102,1961,,Aktuel værdi
Tarm Landevej 177260 Sønder Omme,Omme,636.000,25-06-2002,Alm. Salg,4.854,3,Villa,131,1941,,Aktuel værdi
Egeparken 197260 Sønder Omme,Omme,164.030,20-06-2002,Alm. Salg,845,7,Villa,194,2004,,Aktuel værdi
Tolvalenvej 57260 Sønder Omme,Omme,2.950.000,22-05-2002,Alm. Salg,12.826,8,Stuehus,230,1923,,
"Kirke Alle 11, 17260 Sønder Omme",Omme,415.000,22-05-2002,Alm. Salg,5.253,3,Lejlighed,79,1920,,Aktuel værdi
Nørager 957260 Sønder Omme,Omme,542.754,06-05-2002,Alm. Salg,8.480,2,Rækkehus,64,1981,,Aktuel værdi
Vejlevej 387260 Sønder Omme,Omme,510.000,28-04-2002,Alm. Salg,5.795,3,Villa,88,1960,,Aktuel værdi
Skovvang 97260 Sønder Omme,Omme,898.672,13-04-2002,Alm. Salg,5.413,4,Villa,166,1952,,Aktuel værdi
Hovedgaden 347260 Sønder Omme,Omme,900.000,13-04-2002,Fam. Salg,-,10,Villa,263,1954,,Aktuel værdi
Bøvlvej 1857260 Sønder Omme,Omme,60.000,20-03-2002,Alm. Salg,-,-,Landbrugsgrund,-,-,,
Bøvlvej 1857260 Sønder Omme,Omme,60.000,20-03-2002,Alm. Salg,-,-,Landbrugsgrund,-,-,,
Kirkebyvej 1407260 Sønder Omme,Omme,490.000,25-02-2002,Alm. Salg,3.310,6,Villa,148,1927,,Aktuel værdi
Hovedgaden 77260 Sønder Omme,Omme,6.965.298,07-02-2002,Andet,36.659,7,Villa,190,1903,,Aktuel værdi
Tolvalenvej 277260 Sønder Omme,Omme,400.000,06-02-2002,Fam. Salg,2.564,5,Villa,156,1925,,Aktuel værdi
Egevej 127260 Sønder Omme,Omme,545.301,31-01-2002,Alm. Salg,5.049,4,Villa,108,1967,,Aktuel værdi
Skovbrynet 67260 Sønder Omme,Omme,528.728,30-01-2002,Andet,3.056,5,Villa,173,1970,,Aktuel værdi
Grindstedvej 227260 Sønder Omme,Omme,525.000,23-01-2002,Alm. Salg,-,3,Villa,85,1940,,Aktuel værdi
Gammel Bøvlvej 247260 Sønder Omme,Omme,695.000,21-01-2002,Alm. Salg,7.393,5,Villa,94,1948,,Aktuel værdi
Vejlevej 57260 Sønder Omme,Omme,5.850.000,10-01-2002,Alm. Salg,-,4,Rækkehus,197,1970,,Aktuel værdi
Juellingsholmsvej 337260 Sønder Omme,Omme,1.200.000,17-11-2001,Alm. Salg,7.594,5,Stuehus,158,1919,,
Gammel Bøvlvej 337260 Sønder Omme,Omme,585.000,05-10-2001,Alm. Salg,5.416,5,Villa,108,1959,,Aktuel værdi
Rahbæksvej 107260 Sønder Omme,Omme,710.000,01-10-2001,Alm. Salg,5.546,5,Villa,128,1975,,Aktuel værdi
Bøvlvej 577260 Sønder Omme,Omme,1.100.000,11-09-2001,Fam. Salg,-,9,Stuehus,254,1926,,
Lyngvang 467260 Sønder Omme,Omme,808.703,14-08-2001,Alm. Salg,6.269,4,Villa,129,1973,,Aktuel værdi
Gammel Bøvlvej 447260 Sønder Omme,Omme,565.000,10-08-2001,Alm. Salg,5.000,3,Villa,113,1955,,Aktuel værdi
Herningvej 167260 Sønder Omme,Omme,575.000,10-08-2001,Fam. Salg,4.527,4,Villa,127,1949,,Aktuel værdi
Kirkebyvej 1327260 Sønder Omme,Omme,530.000,08-08-2001,Fam. Salg,-,6,Stuehus,201,1934,,
Herningvej 607260 Sønder Omme,Omme,920.000,06-08-2001,Alm. Salg,7.187,5,Stuehus,128,1960,,
Stakrogevej 397260 Sønder Omme,Omme,1.000.000,06-07-2001,Alm. Salg,5.747,8,Stuehus,174,1932,,
Stakrogevej 637260 Sønder Omme,Omme,1.500.000,05-07-2001,Alm. Salg,6.122,5,Stuehus,245,1928,,
Hasselvej 157260 Sønder Omme,Omme,635.000,27-06-2001,Alm. Salg,4.349,5,Villa,146,1969,,Aktuel værdi
Grindstedvej 547260 Sønder Omme,Omme,435.000,08-05-2001,Alm. Salg,-,5,Villa,189,1937,,Aktuel værdi
Herningvej 37260 Sønder Omme,Omme,369.228,25-04-2001,Alm. Salg,4.733,3,Villa,78,1960,,Aktuel værdi
Skovbrynet 47260 Sønder Omme,Omme,1.275.000,26-03-2001,Alm. Salg,5.743,8,Villa,222,1973,,Aktuel værdi
Stakrogevej 767260 Sønder Omme,Omme,145.000,19-03-2001,Alm. Salg,1.464,4,Villa,99,1902,,Aktuel værdi
Enghaven 297260 Sønder Omme,Omme,570.000,18-03-2001,Alm. Salg,5.000,3,Villa,114,1944,,Aktuel værdi
Egevej 67260 Sønder Omme,Omme,720.619,01-03-2001,Alm. Salg,6.672,4,Villa,108,1969,,Aktuel værdi
Herningvej 687260 Sønder Omme,Omme,1.150.000,19-02-2001,Alm. Salg,7.098,6,Stuehus,162,1943,,
Møbjergvej 817260 Sønder Omme,Omme,170.000,30-01-2001,Alm. Salg,1.268,1,Villa,134,1930,,Aktuel værdi
Herningvej 207260 Sønder Omme,Omme,578.000,28-12-2000,Alm. Salg,4.624,4,Villa,125,1974,,Aktuel værdi
Vesterled 77260 Sønder Omme,Omme,660.000,20-12-2000,Alm. Salg,2.761,8,Villa,239,1966,,Aktuel værdi
Vejlevej 247260 Sønder Omme,Omme,410.000,14-12-2000,Alm. Salg,4.939,2,Villa,83,1938,,Aktuel værdi
Skovvang 47260 Sønder Omme,Omme,685.000,13-10-2000,Alm. Salg,6.850,4,Villa,100,1961,,Aktuel værdi
Enghaven 227260 Sønder Omme,Omme,790.000,12-10-2000,Alm. Salg,-,4,Villa,156,1987,,Aktuel værdi
Skovvang 137260 Sønder Omme,Omme,1.025.000,23-09-2000,Alm. Salg,5.074,7,Villa,202,1970,,Aktuel værdi
Stakrogevej 807260 Sønder Omme,Omme,1.268.645,04-09-2000,Alm. Salg,7.929,6,Villa,160,1911,,Aktuel værdi
Vesterled 67260 Sønder Omme,Omme,613.000,02-09-2000,Alm. Salg,6.887,4,Villa,89,1956,,Aktuel værdi
Herningvej 897260 Sønder Omme,Omme,477.133,30-08-2000,Alm. Salg,4.819,5,Villa,99,1949,,Aktuel værdi
Hovedgaden 497260 Sønder Omme,Omme,740.000,03-08-2000,Alm. Salg,4.567,7,Villa,162,1955,,Aktuel værdi
Parallelvej 27260 Sønder Omme,Omme,837.830,05-05-2000,Alm. Salg,8.295,4,Villa,101,1965,,Aktuel værdi
Egeparken 27260 Sønder Omme,Omme,151.000,02-05-2000,Alm. Salg,1.027,4,Villa,147,2001,,Aktuel værdi
Omme Landevej 637260 Sønder Omme,Omme,595.709,22-03-2000,Alm. Salg,4.512,6,Villa,132,1852,,Aktuel værdi
Solbakken 217260 Sønder Omme,Omme,749.000,16-03-2000,Alm. Salg,6.241,4,Villa,120,1976,,Aktuel værdi
Enghaven 167260 Sønder Omme,Omme,900.000,22-12-1999,Alm. Salg,5.844,4,Villa,154,1980,,Aktuel værdi
Enghaven 257260 Sønder Omme,Omme,200.000,20-12-1999,Alm. Salg,-,8,Villa,243,1942,,Aktuel værdi
Grønvang 237260 Sønder Omme,Omme,705.352,07-12-1999,Alm. Salg,6.080,4,Villa,116,1970,,Aktuel værdi
Solbakken 667260 Sønder Omme,Omme,1.200.000,07-12-1999,Alm. Salg,6.741,5,Villa,178,1978,,Aktuel værdi
Herningvej 47260 Sønder Omme,Omme,485.000,24-10-1999,Alm. Salg,3.911,4,Villa,124,1937,,Aktuel værdi
Gammel Bøvlvej 367260 Sønder Omme,Omme,650.000,02-10-1999,Alm. Salg,6.632,3,Villa,98,1965,,Aktuel værdi
Farvergade 157260 Sønder Omme,Omme,420.000,29-09-1999,Alm. Salg,3.684,5,Villa,114,1932,,Aktuel værdi
Møbjergvej 187260 Sønder Omme,Omme,511.500,04-08-1999,Fam. Salg,-,5,Stuehus,122,1890,,
Solbakken 507260 Sønder Omme,Omme,590.444,26-07-1999,Alm. Salg,4.341,5,Villa,136,1978,,Aktuel værdi
Omme Landevej 597260 Sønder Omme,Omme,2.310.000,07-07-1999,Fam. Salg,16.500,6,Stuehus,140,1893,,
Egeparken 167260 Sønder Omme,Omme,156.000,05-07-1999,Alm. Salg,1.114,5,Villa,140,1999,,Aktuel værdi
Vejlevej 437260 Sønder Omme,Omme,748.307,28-06-1999,Alm. Salg,-,6,Villa,146,1960,,Aktuel værdi
Parallelvej 107260 Sønder Omme,Omme,1.023.551,22-06-1999,Alm. Salg,6.869,6,Villa,149,1972,,Aktuel værdi
Lyngvang 117260 Sønder Omme,Omme,770.000,11-06-1999,Alm. Salg,4.695,5,Villa,164,1973,,Aktuel værdi
Grindstedvej 67260 Sønder Omme,Omme,379.091,08-06-1999,Alm. Salg,4.357,4,Rækkehus,87,1930,,Aktuel værdi
Rahbæksvej 87260 Sønder Omme,Omme,700.000,11-05-1999,Alm. Salg,4.964,4,Villa,141,1974,,Aktuel værdi
Lyngvang 157260 Sønder Omme,Omme,875.000,29-04-1999,Alm. Salg,-,6,Villa,178,1973,,Aktuel værdi
Vejlevej 337260 Sønder Omme,Omme,629.707,27-04-1999,Alm. Salg,6.173,4,Villa,102,1938,,Aktuel værdi
Farvergade 297260 Sønder Omme,Omme,450.000,12-04-1999,Alm. Salg,4.166,4,Villa,108,1974,,Aktuel værdi
Omme Landevej 787260 Sønder Omme,Omme,1.850.567,09-03-1999,Fam. Salg,10.759,5,Stuehus,172,1827,,
Bøvlvej 1557260 Sønder Omme,Omme,1.445.000,08-03-1999,Fam. Salg,11.289,6,Stuehus,128,1956,,
Tolvalenvej 407260 Sønder Omme,Omme,1.025.000,27-01-1999,Alm. Salg,-,7,Stuehus,170,1964,,
Nørager 297260 Sønder Omme,Omme,368.500,13-01-1999,Andet,2.901,5,Villa,127,1980,,Aktuel værdi
Holdgårdsvej 47260 Sønder Omme,Omme,698.997,14-12-1998,Alm. Salg,6.989,4,Villa,100,1959,,Aktuel værdi
Herningvej 77260 Sønder Omme,Omme,905.426,04-12-1998,Alm. Salg,7.361,6,Villa,123,1948,,Aktuel værdi
Vejlevej 287260 Sønder Omme,Omme,366.000,20-11-1998,Fam. Salg,3.050,3,Villa,120,1935,,Aktuel værdi
Nørager 207260 Sønder Omme,Omme,581.055,20-10-1998,Alm. Salg,6.756,3,Rækkehus,86,1980,,Aktuel værdi
Grindstedvej 277260 Sønder Omme,Omme,591.020,07-10-1998,Alm. Salg,6.287,2,Villa,94,1936,,Aktuel værdi
Lyngvang 197260 Sønder Omme,Omme,854.941,10-08-1998,Alm. Salg,5.737,5,Villa,149,1973,,Aktuel værdi
Grindstedvej 287260 Sønder Omme,Omme,324.054,06-08-1998,Alm. Salg,4.765,2,Villa,68,1946,,Aktuel værdi
Vesterled 57260 Sønder Omme,Omme,786.387,19-06-1998,Alm. Salg,4.250,6,Villa,185,1962,,Aktuel værdi
Nørager 517260 Sønder Omme,Omme,825.000,25-05-1998,Alm. Salg,-,6,Villa,160,1980,,Aktuel værdi
Gammel Bøvlvej 137260 Sønder Omme,Omme,637.291,05-05-1998,Alm. Salg,-,6,Villa,187,1930,,Aktuel værdi
Gammel Bøvlvej 29B7260 Sønder Omme,Omme,707.309,05-05-1998,Alm. Salg,-,6,Villa,178,1974,,Aktuel værdi
Herningvej 727260 Sønder Omme,Omme,885.000,29-04-1998,Alm. Salg,6.704,5,Stuehus,132,1950,,
Solbakken 327260 Sønder Omme,Omme,856.876,27-04-1998,Alm. Salg,6.120,5,Villa,140,1975,,Aktuel værdi
Åvej 47260 Sønder Omme,Omme,479.352,18-04-1998,Alm. Salg,4.522,5,Villa,106,1934,,Aktuel værdi
Solbakken 317260 Sønder Omme,Omme,1.002.978,15-12-1997,Alm. Salg,5.196,7,Villa,193,1977,,Aktuel værdi
Grindstedvej 74B7260 Sønder Omme,Omme,360.000,21-11-1997,Fam. Salg,3.636,4,Villa,99,1964,,Aktuel værdi
Nørager 917260 Sønder Omme,Omme,475.000,19-11-1997,Alm. Salg,6.168,3,Rækkehus,77,1980,,Aktuel værdi
Gammel Bøvlvej 107260 Sønder Omme,Omme,660.000,05-11-1997,Alm. Salg,3.000,3,Villa,220,1919,,Aktuel værdi
Gammel Bøvlvej 457260 Sønder Omme,Omme,531.812,27-10-1997,Alm. Salg,3.223,4,Villa,165,1961,,Aktuel værdi
Bøvlvej 1397260 Sønder Omme,Omme,95.000,12-09-1997,Alm. Salg,601,5,Stuehus,158,1924,,
Bøvlvej 617260 Sønder Omme,Omme,690.000,01-09-1997,Fam. Salg,4.693,5,Villa,147,1924,,Aktuel værdi
Egeparken 107260 Sønder Omme,Omme,1.232.000,23-08-1997,Alm. Salg,6.960,6,Villa,177,1995,,Aktuel værdi
Herningvej 267260 Sønder Omme,Omme,800.000,13-08-1997,Alm. Salg,10.810,8,Industri o.l.,74,1951,,Aktuel værdi
Farvergade 77260 Sønder Omme,Omme,306.243,29-07-1997,Fam. Salg,-,3,Villa,118,1950,,Aktuel værdi
Holdgårdsvej 57260 Sønder Omme,Omme,679.119,04-07-1997,Alm. Salg,5.476,4,Villa,124,1930,,Aktuel værdi
Stakrogevej 897260 Sønder Omme,Omme,1.560.000,03-07-1997,Fam. Salg,8.524,5,Stuehus,183,1907,,
Enghaven 17260 Sønder Omme,Omme,738.038,10-06-1997,Alm. Salg,5.466,5,Villa,135,1920,,Aktuel værdi
Nørager 117260 Sønder Omme,Omme,850.000,09-05-1997,Alm. Salg,5.902,5,Villa,144,1979,,Aktuel værdi
Engebækgårdvej 207260 Sønder Omme,Omme,70.000,02-05-1997,Alm. Salg,909,3,Villa,77,1950,,Aktuel værdi
Skovvej 527260 Sønder Omme,Omme,880.000,30-04-1997,Alm. Salg,5.057,5,Stuehus,174,1885,,
Nørager 737260 Sønder Omme,Omme,960.000,24-04-1997,Alm. Salg,5.889,7,Villa,163,1986,,Aktuel værdi
Enghaven 317260 Sønder Omme,Omme,515.500,24-04-1997,Alm. Salg,-,6,Villa,204,1929,,Aktuel værdi
Enghaven 197260 Sønder Omme,Omme,700.000,04-04-1997,Andet,3.867,5,Villa,181,1976,,Aktuel værdi
Hovedgaden 697260 Sønder Omme,Omme,580.000,30-03-1997,Alm. Salg,8.656,2,Villa,67,1947,,Aktuel værdi
Bøvlvej 2427260 Sønder Omme,Omme,50.000,20-03-1997,Alm. Salg,-,-,Grund,-,-,,
Bøvlvej 2427260 Sønder Omme,Omme,50.000,20-03-1997,Alm. Salg,-,-,Grund,-,-,,
Møbjergvej 477260 Sønder Omme,Omme,2.650.000,28-02-1997,Andet,10.728,5,Villa,247,1962,,Aktuel værdi
Solbakken 407260 Sønder Omme,Omme,317.500,25-02-1997,Fam. Salg,2.369,4,Villa,134,1974,,Aktuel værdi
Engebækgårdvej 47260 Sønder Omme,Omme,104.159,24-02-1997,Alm. Salg,853,6,Stuehus,122,1951,,
Gammel Bøvlvej 477260 Sønder Omme,Omme,300.000,06-02-1997,Alm. Salg,3.000,3,Villa,100,1969,,Aktuel værdi
Farvergade 117260 Sønder Omme,Omme,1.200.000,04-02-1997,Alm. Salg,6.349,5,Villa,189,1988,,Aktuel værdi
Holdgårdsvej 257260 Sønder Omme,Omme,477.821,26-01-1997,Alm. Salg,4.550,2,Villa,105,1937,,Aktuel værdi
Bøvlvej 1087260 Sønder Omme,Omme,535.000,21-01-1997,Alm. Salg,-,6,Villa,152,1953,,Aktuel værdi
Kirkebyvej 1117260 Sønder Omme,Omme,450.167,02-01-1997,Alm. Salg,2.695,7,Stuehus,167,1877,,
Grindstedvej 467260 Sønder Omme,Omme,595.000,10-12-1996,Alm. Salg,5.000,5,Villa,119,1956,,Aktuel værdi
Enghaven 417260 Sønder Omme,Omme,170.000,02-09-1996,Alm. Salg,772,7,Villa,220,1998,,Aktuel værdi
Tolvalenvej 267260 Sønder Omme,Omme,4.450.000,28-08-1996,Alm. Salg,13.819,9,Stuehus,322,1908,,
Holdgårdsvej 337260 Sønder Omme,Omme,608.089,26-08-1996,Alm. Salg,5.528,3,Villa,110,1939,,Aktuel værdi
Omme Landevej 547260 Sønder Omme,Omme,141.666,16-08-1996,Fam. Salg,3.541,3,Sommerhus,40,1967,,Aktuel værdi
Herningvej 947260 Sønder Omme,Omme,622.070,05-07-1996,Alm. Salg,4.712,4,Villa,132,1912,,Aktuel værdi
Egeparken 147260 Sønder Omme,Omme,155.000,01-05-1996,Alm. Salg,1.033,5,Villa,150,1996,,Aktuel værdi
Egeparken 87260 Sønder Omme,Omme,154.000,01-05-1996,Alm. Salg,1.026,5,Villa,150,1996,,Aktuel værdi
Vejlevej 117260 Sønder Omme,Omme,470.000,10-01-1996,Alm. Salg,2.797,5,Villa,168,1904,,Aktuel værdi
Stadion Alle 287260 Sønder Omme,Omme,154.718,31-10-1995,Alm. Salg,1.700,3,Villa,91,1945,,Aktuel værdi
Lyngvang 47260 Sønder Omme,Omme,675.000,29-09-1995,Alm. Salg,-,4,Villa,172,1974,,Aktuel værdi
Nørager 247260 Sønder Omme,Omme,419.167,25-09-1995,Alm. Salg,4.874,3,Rækkehus,86,1980,,Aktuel værdi
Vesterled 97260 Sønder Omme,Omme,329.000,06-09-1995,Alm. Salg,3.290,4,Villa,100,1961,,Aktuel værdi
Bøvlvej 1407260 Sønder Omme,Omme,1.092.000,27-08-1995,Alm. Salg,7.800,5,Stuehus,140,1967,,
Vejlevej 417260 Sønder Omme,Omme,619.953,21-08-1995,Alm. Salg,3.625,5,Villa,171,1974,,Aktuel værdi
Kirkebyvej 1037260 Sønder Omme,Omme,322.508,03-07-1995,Andet,2.208,5,Stuehus,146,1915,,
Vejlevej 407260 Sønder Omme,Omme,330.000,23-03-1995,Alm. Salg,3.510,3,Villa,94,1955,,Aktuel værdi
"Hovedgaden 41, 17260 Sønder Omme",Omme,500.000,01-03-1995,Alm. Salg,-,2,Lejlighed,64,1907,,Aktuel værdi
Birkemosevej 297260 Sønder Omme,Omme,635.000,28-02-1995,Fam. Salg,3.825,6,Stuehus,166,1928,,
Egevej 177260 Sønder Omme,Omme,414.000,16-02-1995,Alm. Salg,4.224,4,Villa,98,1964,,Aktuel værdi
Egevej 147260 Sønder Omme,Omme,415.000,10-02-1995,Alm. Salg,-,5,Villa,152,1965,,Aktuel værdi
Lægårdsvej 27260 Sønder Omme,Omme,360.000,15-01-1995,Alm. Salg,3.829,5,Villa,94,1963,,Aktuel værdi
Violvej 47260 Sønder Omme,Omme,405.400,08-01-1995,Alm. Salg,2.684,5,Villa,151,1968,,Aktuel værdi
Kirkebyvej 1367260 Sønder Omme,Omme,2.860.000,02-01-1995,Fam. Salg,17.654,6,Stuehus,162,1939,,
Nørager 87260 Sønder Omme,Omme,108.000,30-10-1994,Alm. Salg,596,5,Villa,181,1995,,Aktuel værdi
Nørager 717260 Sønder Omme,Omme,680.000,25-10-1994,Alm. Salg,4.657,6,Villa,146,1980,,Aktuel værdi
Vejlevej 367260 Sønder Omme,Omme,325.000,23-09-1994,Alm. Salg,3.693,3,Villa,88,1961,,Aktuel værdi
Engebækgårdvej 157260 Sønder Omme,Omme,555.000,28-07-1994,Alm. Salg,3.284,5,Stuehus,169,1939,,
Vejlevej 187260 Sønder Omme,Omme,500.000,07-07-1994,Alm. Salg,2.958,7,Villa,169,1913,,Aktuel værdi
Hovedgaden 317260 Sønder Omme,Omme,850.000,30-06-1994,Fam. Salg,7.203,8,Ukendt,118,1917,,Aktuel værdi
Solbakken 167260 Sønder Omme,Omme,680.000,10-06-1994,Alm. Salg,3.655,5,Villa,186,1976,,Aktuel værdi
Bøvlvej 1247260 Sønder Omme,Omme,540.000,07-06-1994,Alm. Salg,5.510,5,Stuehus,98,1930,,
Vejlevej 157260 Sønder Omme,Omme,300.000,07-06-1994,Alm. Salg,2.362,4,Villa,127,1918,,Aktuel værdi
Brande Landevej 227260 Sønder Omme,Omme,230.000,30-03-1994,Alm. Salg,-,6,Villa,126,1920,,Aktuel værdi
Møbjergvej 277260 Sønder Omme,Omme,1.000.000,31-01-1994,Alm. Salg,7.575,5,Stuehus,132,1920,,
Nedergårdsvej 137260 Sønder Omme,Omme,675.000,04-01-1994,Alm. Salg,4.218,5,Villa,160,1978,,Aktuel værdi
Grindstedvej 137260 Sønder Omme,Omme,775.999,10-12-1993,Alm. Salg,-,6,Villa,171,1934,,Aktuel værdi
Gammel Bøvlvej 197260 Sønder Omme,Omme,307.000,08-11-1993,Alm. Salg,2.646,3,Villa,116,1937,,Aktuel værdi
Gammel Bøvlvej 397260 Sønder Omme,Omme,425.762,07-10-1993,Alm. Salg,-,5,Villa,154,1959,,Aktuel værdi
Stakrogevej 597260 Sønder Omme,Omme,850.000,19-09-1993,Alm. Salg,4.207,7,Stuehus,202,1864,,
Omme Landevej 757260 Sønder Omme,Omme,1.250.000,09-08-1993,Alm. Salg,6.830,7,Stuehus,183,1974,,
Gammel Bøvlvej 167260 Sønder Omme,Omme,454.000,11-06-1993,Alm. Salg,3.219,5,Villa,141,1918,,Aktuel værdi
Birkebæk Alle 17260 Sønder Omme,Omme,580.000,03-04-1993,Alm. Salg,3.892,5,Villa,149,1974,,Aktuel værdi
Lille Brandevej 37260 Sønder Omme,Omme,1.058.575,18-03-1993,Fam. Salg,-,13,Stuehus,350,1800,,
Farvergade 27260 Sønder Omme,Omme,294.000,09-03-1993,Alm. Salg,-,5,Villa,167,1935,,Aktuel værdi
Kirkebyvej 1157260 Sønder Omme,Omme,830.000,04-02-1993,Alm. Salg,7.155,4,Stuehus,116,1989,,
Skovvej 247260 Sønder Omme,Omme,775.000,22-01-1993,Alm. Salg,3.242,5,Stuehus,239,1880,,
Bøvlvej 1687260 Sønder Omme,Omme,350.000,30-11-1992,Alm. Salg,2.071,5,Villa,169,1965,,Aktuel værdi
Nørager 157260 Sønder Omme,Omme,525.000,29-09-1992,Alm. Salg,4.133,6,Villa,127,1979,,Aktuel værdi
Engebækgårdvej 57260 Sønder Omme,Omme,410.000,30-07-1992,Alm. Salg,-,5,Stuehus,252,1974,,
Bøvlvej 777260 Sønder Omme,Omme,437.500,08-05-1992,Alm. Salg,-,6,Villa,191,1900,,Aktuel værdi
Vejlevej 327260 Sønder Omme,Omme,675.000,06-05-1992,Alm. Salg,3.082,9,Villa,219,1931,,Aktuel værdi
Nørager 177260 Sønder Omme,Omme,520.000,17-03-1992,Fam. Salg,3.851,6,Villa,135,1979,,Aktuel værdi
Vesterled 177260 Sønder Omme,Omme,335.000,17-03-1992,Alm. Salg,3.101,4,Villa,108,1972,,Aktuel værdi
Gammel Bøvlvej 29A7260 Sønder Omme,Omme,400.000,13-03-1992,Fam. Salg,4.545,3,Villa,88,1949,,Aktuel værdi
Stakrogevej 717260 Sønder Omme,Omme,525.000,23-01-1992,Alm. Salg,3.500,4,Stuehus,150,1934,,
